Category ,imageUrl,name,sku,size,color,price,qty
Home->Sheet Sets,"//cdn.shopify.com/s/files/1/0439/7282/1152/products/Bamboo-sheet-Main-Picture__02712.1555928963_c3b2ac66-2ad5-4528-9954-3cf432f30d21_400x.jpg?v=1597646007 400w, //cdn.shopify.com/s/files/1/0439/7282/1152/products/Bamboo-sheet-Main-Picture__02712.1555928963_c3b2ac66-2ad5-4528-9954-3cf432f30d21_500x.jpg?v=1597646007 500w, //cdn.shopify.com/s/files/1/0439/7282/1152/products/Bamboo-sheet-Main-Picture__02712.1555928963_c3b2ac66-2ad5-4528-9954-3cf432f30d21_600x.jpg?v=1597646007 600w, //cdn.shopify.com/s/files/1/0439/7282/1152/products/Bamboo-sheet-Main-Picture__02712.1555928963_c3b2ac66-2ad5-4528-9954-3cf432f30d21_700x.jpg?v=1597646007 700w",100% Bamboo Viscose Sheet Set,100BAMBOO-TXL-WHITE,"Twin XL,Full,Queen,King,California King,White,Ivory,Sage,Blue,Gray,Taupe,Gold,Linen,Red,Royal Blue,Sea,Periwinkle,Teal,Coral,","Twin XL,Full,Queen,King,California King,White,Ivory,Sage,Blue,Gray,Taupe,Gold,Linen,Red,Royal Blue,Sea,Periwinkle,Teal,Coral,",$47 ,yes
Home->Sheet Sets,"//cdn.shopify.com/s/files/1/0439/7282/1152/products/Bamboo-Cotton-Main-Picture__05424_23acd4c5-2940-47e7-a8d4-6e48e52a09f8_400x.jpg?v=1597641066 400w, //cdn.shopify.com/s/files/1/0439/7282/1152/products/Bamboo-Cotton-Main-Picture__05424_23acd4c5-2940-47e7-a8d4-6e48e52a09f8_500x.jpg?v=1597641066 500w, //cdn.shopify.com/s/files/1/0439/7282/1152/products/Bamboo-Cotton-Main-Picture__05424_23acd4c5-2940-47e7-a8d4-6e48e52a09f8_600x.jpg?v=1597641066 600w, //cdn.shopify.com/s/files/1/0439/7282/1152/products/Bamboo-Cotton-Main-Picture__05424_23acd4c5-2940-47e7-a8d4-6e48e52a09f8_700x.jpg?v=1597641066 700w, //cdn.shopify.com/s/files/1/0439/7282/1152/products/Bamboo-Cotton-Main-Picture__05424_23acd4c5-2940-47e7-a8d4-6e48e52a09f8_800x.jpg?v=1597641066 800w, //cdn.shopify.com/s/files/1/0439/7282/1152/products/Bamboo-Cotton-Main-Picture__05424_23acd4c5-2940-47e7-a8d4-6e48e52a09f8_900x.jpg?v=1597641066 900w, //cdn.shopify.com/s/files/1/0439/7282/1152/products/Bamboo-Cotton-Main-Picture__05424_23acd4c5-2940-47e7-a8d4-6e48e52a09f8_1000x.jpg?v=1597641066 1000w, //cdn.shopify.com/s/files/1/0439/7282/1152/products/Bamboo-Cotton-Main-Picture__05424_23acd4c5-2940-47e7-a8d4-6e48e52a09f8_1100x.jpg?v=1597641066 1100w, //cdn.shopify.com/s/files/1/0439/7282/1152/products/Bamboo-Cotton-Main-Picture__05424_23acd4c5-2940-47e7-a8d4-6e48e52a09f8_1200x.jpg?v=1597641066 1200w",Bamboo Cotton Sheet Set - Bamboo Hybrid,HYBBAMB-WHITE-TXL,"Twin XL,Full,Queen,King,California King,White,Ivory,Charcoal,Sage,Blue,Taupe,Gray,Teal,Coral,Periwinkle,Sand,","Twin XL,Full,Queen,King,California King,White,Ivory,Charcoal,Sage,Blue,Taupe,Gray,Teal,Coral,Periwinkle,Sand,",$47 ,yes
Home->Sheet Sets,"//cdn.shopify.com/s/files/1/0439/7282/1152/products/Bamboo_Viscose_Sheets_With_Deep_Pockets_600__61678.1556002546_712d7606-073d-45fd-b422-cf07554a7e05_400x.jpg?v=1597646071 400w, //cdn.shopify.com/s/files/1/0439/7282/1152/products/Bamboo_Viscose_Sheets_With_Deep_Pockets_600__61678.1556002546_712d7606-073d-45fd-b422-cf07554a7e05_500x.jpg?v=1597646071 500w, //cdn.shopify.com/s/files/1/0439/7282/1152/products/Bamboo_Viscose_Sheets_With_Deep_Pockets_600__61678.1556002546_712d7606-073d-45fd-b422-cf07554a7e05_600x.jpg?v=1597646071 600w, //cdn.shopify.com/s/files/1/0439/7282/1152/products/Bamboo_Viscose_Sheets_With_Deep_Pockets_600__61678.1556002546_712d7606-073d-45fd-b422-cf07554a7e05_700x.jpg?v=1597646071 700w, //cdn.shopify.com/s/files/1/0439/7282/1152/products/Bamboo_Viscose_Sheets_With_Deep_Pockets_600__61678.1556002546_712d7606-073d-45fd-b422-cf07554a7e05_800x.jpg?v=1597646071 800w, //cdn.shopify.com/s/files/1/0439/7282/1152/products/Bamboo_Viscose_Sheets_With_Deep_Pockets_600__61678.1556002546_712d7606-073d-45fd-b422-cf07554a7e05_900x.jpg?v=1597646071 900w, //cdn.shopify.com/s/files/1/0439/7282/1152/products/Bamboo_Viscose_Sheets_With_Deep_Pockets_600__61678.1556002546_712d7606-073d-45fd-b422-cf07554a7e05_1000x.jpg?v=1597646071 1000w, //cdn.shopify.com/s/files/1/0439/7282/1152/products/Bamboo_Viscose_Sheets_With_Deep_Pockets_600__61678.1556002546_712d7606-073d-45fd-b422-cf07554a7e05_1100x.jpg?v=1597646071 1100w, //cdn.shopify.com/s/files/1/0439/7282/1152/products/Bamboo_Viscose_Sheets_With_Deep_Pockets_600__61678.1556002546_712d7606-073d-45fd-b422-cf07554a7e05_1200x.jpg?v=1597646071 1200w",Cooling Bamboo 600 Sheet Set,BAMBOO600-QUEEN-WHITE,"Queen,King,California King,White,Ivory,Sage,Taupe,Gray,Sea,Teal,Calliste-Green,Canvas,Desert- Taupe,Aqua,Desert-Taupe,","Queen,King,California King,White,Ivory,Sage,Taupe,Gray,Sea,Teal,Calliste-Green,Canvas,Desert- Taupe,Aqua,Desert-Taupe,",$85 ,yes
Home->Sheet Sets,"//cdn.shopify.com/s/files/1/0439/7282/1152/products/Black1_3f0bf479-4563-4e88-9c48-7a163b0d6ac6_400x.jpg?v=1610273013 400w, //cdn.shopify.com/s/files/1/0439/7282/1152/products/Black1_3f0bf479-4563-4e88-9c48-7a163b0d6ac6_500x.jpg?v=1610273013 500w, //cdn.shopify.com/s/files/1/0439/7282/1152/products/Black1_3f0bf479-4563-4e88-9c48-7a163b0d6ac6_600x.jpg?v=1610273013 600w, //cdn.shopify.com/s/files/1/0439/7282/1152/products/Black1_3f0bf479-4563-4e88-9c48-7a163b0d6ac6_700x.jpg?v=1610273013 700w, //cdn.shopify.com/s/files/1/0439/7282/1152/products/Black1_3f0bf479-4563-4e88-9c48-7a163b0d6ac6_800x.jpg?v=1610273013 800w, //cdn.shopify.com/s/files/1/0439/7282/1152/products/Black1_3f0bf479-4563-4e88-9c48-7a163b0d6ac6_900x.jpg?v=1610273013 900w, //cdn.shopify.com/s/files/1/0439/7282/1152/products/Black1_3f0bf479-4563-4e88-9c48-7a163b0d6ac6_1000x.jpg?v=1610273013 1000w, //cdn.shopify.com/s/files/1/0439/7282/1152/products/Black1_3f0bf479-4563-4e88-9c48-7a163b0d6ac6_1100x.jpg?v=1610273013 1100w, //cdn.shopify.com/s/files/1/0439/7282/1152/products/Black1_3f0bf479-4563-4e88-9c48-7a163b0d6ac6_1200x.jpg?v=1610273013 1200w",Solid 600 Thread Count Sheet Set,600SL-WHITE-TXL,"Twin XL,Full,Queen,King,California King,White,Ivory,Sage,Blue,Gold,Taupe,Gray,Linen,Blush,Lilac,Chocolate,Navy,Burgundy,Black,Sea,Periwinkle,Coral,","Twin XL,Full,Queen,King,California King,White,Ivory,Sage,Blue,Gold,Taupe,Gray,Linen,Blush,Lilac,Chocolate,Navy,Burgundy,Black,Sea,Periwinkle,Coral,",$56 ,yes
Home->Sheet Sets,"//cdn.shopify.com/s/files/1/0439/7282/1152/products/1361_source_1451290407_7dd39f6e-e3a0-4770-931a-083c91a5ef9e_400x.jpg?v=1597646034 400w, //cdn.shopify.com/s/files/1/0439/7282/1152/products/1361_source_1451290407_7dd39f6e-e3a0-4770-931a-083c91a5ef9e_500x.jpg?v=1597646034 500w, //cdn.shopify.com/s/files/1/0439/7282/1152/products/1361_source_1451290407_7dd39f6e-e3a0-4770-931a-083c91a5ef9e_600x.jpg?v=1597646034 600w, //cdn.shopify.com/s/files/1/0439/7282/1152/products/1361_source_1451290407_7dd39f6e-e3a0-4770-931a-083c91a5ef9e_700x.jpg?v=1597646034 700w, //cdn.shopify.com/s/files/1/0439/7282/1152/products/1361_source_1451290407_7dd39f6e-e3a0-4770-931a-083c91a5ef9e_800x.jpg?v=1597646034 800w, //cdn.shopify.com/s/files/1/0439/7282/1152/products/1361_source_1451290407_7dd39f6e-e3a0-4770-931a-083c91a5ef9e_900x.jpg?v=1597646034 900w, //cdn.shopify.com/s/files/1/0439/7282/1152/products/1361_source_1451290407_7dd39f6e-e3a0-4770-931a-083c91a5ef9e_1000x.jpg?v=1597646034 1000w, //cdn.shopify.com/s/files/1/0439/7282/1152/products/1361_source_1451290407_7dd39f6e-e3a0-4770-931a-083c91a5ef9e_1100x.jpg?v=1597646034 1100w, //cdn.shopify.com/s/files/1/0439/7282/1152/products/1361_source_1451290407_7dd39f6e-e3a0-4770-931a-083c91a5ef9e_1200x.jpg?v=1597646034 1200w",Sheet Set - Striped 600 Thread Count,600STRIPE-TXL-TAUPE,"Twin XL,Full,Queen,King,California King,White,Ivory,Lilac,Sage,Taupe,Blue,Gold,Linen,Chocolate,Navy,Burgundy,Black,Bronze,Periwinkle,Gray,","Twin XL,Full,Queen,King,California King,White,Ivory,Lilac,Sage,Taupe,Blue,Gold,Linen,Chocolate,Navy,Burgundy,Black,Bronze,Periwinkle,Gray,",$53 ,yes
Home->Sheet Sets,"//cdn.shopify.com/s/files/1/0439/7282/1152/products/flannel-sheets-blue_c759c50c-b3ad-45a5-a349-7a4ebce090fa_400x.jpg?v=1597645983 400w, //cdn.shopify.com/s/files/1/0439/7282/1152/products/flannel-sheets-blue_c759c50c-b3ad-45a5-a349-7a4ebce090fa_500x.jpg?v=1597645983 500w, //cdn.shopify.com/s/files/1/0439/7282/1152/products/flannel-sheets-blue_c759c50c-b3ad-45a5-a349-7a4ebce090fa_600x.jpg?v=1597645983 600w, //cdn.shopify.com/s/files/1/0439/7282/1152/products/flannel-sheets-blue_c759c50c-b3ad-45a5-a349-7a4ebce090fa_700x.jpg?v=1597645983 700w, //cdn.shopify.com/s/files/1/0439/7282/1152/products/flannel-sheets-blue_c759c50c-b3ad-45a5-a349-7a4ebce090fa_800x.jpg?v=1597645983 800w, //cdn.shopify.com/s/files/1/0439/7282/1152/products/flannel-sheets-blue_c759c50c-b3ad-45a5-a349-7a4ebce090fa_900x.jpg?v=1597645983 900w, //cdn.shopify.com/s/files/1/0439/7282/1152/products/flannel-sheets-blue_c759c50c-b3ad-45a5-a349-7a4ebce090fa_1000x.jpg?v=1597645983 1000w, //cdn.shopify.com/s/files/1/0439/7282/1152/products/flannel-sheets-blue_c759c50c-b3ad-45a5-a349-7a4ebce090fa_1100x.jpg?v=1597645983 1100w, //cdn.shopify.com/s/files/1/0439/7282/1152/products/flannel-sheets-blue_c759c50c-b3ad-45a5-a349-7a4ebce090fa_1200x.jpg?v=1597645983 1200w",Heavyweight Flannel Sheet Set,FLANNEL-TXL-WHITE,"Twin XL,Full,Queen,King,California King,White,Ivory,Taupe,Gray,Sea,Blue,","Twin XL,Full,Queen,King,California King,White,Ivory,Taupe,Gray,Sea,Blue,",$43 ,yes
Home->Sheet Sets,"//cdn.shopify.com/s/files/1/0439/7282/1152/products/gray-1200tc__29015_0f2c71ae-c370-4a3d-bd08-6d7d233bf7e0_400x.jpg?v=1597642755 400w, //cdn.shopify.com/s/files/1/0439/7282/1152/products/gray-1200tc__29015_0f2c71ae-c370-4a3d-bd08-6d7d233bf7e0_500x.jpg?v=1597642755 500w, //cdn.shopify.com/s/files/1/0439/7282/1152/products/gray-1200tc__29015_0f2c71ae-c370-4a3d-bd08-6d7d233bf7e0_600x.jpg?v=1597642755 600w, //cdn.shopify.com/s/files/1/0439/7282/1152/products/gray-1200tc__29015_0f2c71ae-c370-4a3d-bd08-6d7d233bf7e0_700x.jpg?v=1597642755 700w, //cdn.shopify.com/s/files/1/0439/7282/1152/products/gray-1200tc__29015_0f2c71ae-c370-4a3d-bd08-6d7d233bf7e0_800x.jpg?v=1597642755 800w, //cdn.shopify.com/s/files/1/0439/7282/1152/products/gray-1200tc__29015_0f2c71ae-c370-4a3d-bd08-6d7d233bf7e0_900x.jpg?v=1597642755 900w, //cdn.shopify.com/s/files/1/0439/7282/1152/products/gray-1200tc__29015_0f2c71ae-c370-4a3d-bd08-6d7d233bf7e0_1000x.jpg?v=1597642755 1000w, //cdn.shopify.com/s/files/1/0439/7282/1152/products/gray-1200tc__29015_0f2c71ae-c370-4a3d-bd08-6d7d233bf7e0_1100x.jpg?v=1597642755 1100w, //cdn.shopify.com/s/files/1/0439/7282/1152/products/gray-1200tc__29015_0f2c71ae-c370-4a3d-bd08-6d7d233bf7e0_1200x.jpg?v=1597642755 1200w",Luxury Heavyweight 1200 Thread Count Solid Sheet Set,1200SOLID-TAUPE-QN,"Queen,King,California King,Ivory,Taupe,Gray,","Queen,King,California King,Ivory,Taupe,Gray,",$110 ,yes
Home->Sheet Sets,"//cdn.shopify.com/s/files/1/0439/7282/1152/products/300TC-stripe-sheet__87695_fa61fa1c-f268-44f6-8316-9990573cb422_400x.jpg?v=1597642561 400w, //cdn.shopify.com/s/files/1/0439/7282/1152/products/300TC-stripe-sheet__87695_fa61fa1c-f268-44f6-8316-9990573cb422_500x.jpg?v=1597642561 500w, //cdn.shopify.com/s/files/1/0439/7282/1152/products/300TC-stripe-sheet__87695_fa61fa1c-f268-44f6-8316-9990573cb422_600x.jpg?v=1597642561 600w, //cdn.shopify.com/s/files/1/0439/7282/1152/products/300TC-stripe-sheet__87695_fa61fa1c-f268-44f6-8316-9990573cb422_700x.jpg?v=1597642561 700w, //cdn.shopify.com/s/files/1/0439/7282/1152/products/300TC-stripe-sheet__87695_fa61fa1c-f268-44f6-8316-9990573cb422_800x.jpg?v=1597642561 800w, //cdn.shopify.com/s/files/1/0439/7282/1152/products/300TC-stripe-sheet__87695_fa61fa1c-f268-44f6-8316-9990573cb422_900x.jpg?v=1597642561 900w, //cdn.shopify.com/s/files/1/0439/7282/1152/products/300TC-stripe-sheet__87695_fa61fa1c-f268-44f6-8316-9990573cb422_1000x.jpg?v=1597642561 1000w, //cdn.shopify.com/s/files/1/0439/7282/1152/products/300TC-stripe-sheet__87695_fa61fa1c-f268-44f6-8316-9990573cb422_1100x.jpg?v=1597642561 1100w, //cdn.shopify.com/s/files/1/0439/7282/1152/products/300TC-stripe-sheet__87695_fa61fa1c-f268-44f6-8316-9990573cb422_1200x.jpg?v=1597642561 1200w",Sheet Set - Striped 300 Thread Count,300STRIPE-IVORY-TWIN,"Twin,Twin XL,Full,Queen,King,California King,White,Ivory,Lilac,Sage,Taupe,Blue,Gold,Blush,Linen,Chocolate,Navy,Burgundy,Black,Bronze,","Twin,Twin XL,Full,Queen,King,California King,White,Ivory,Lilac,Sage,Taupe,Blue,Gold,Blush,Linen,Chocolate,Navy,Burgundy,Black,Bronze,",$27 ,yes
Home->Sheet Sets,"//cdn.shopify.com/s/files/1/0439/7282/1152/products/Blue_ee20473b-1497-4780-bbb7-b3f6cb57963b_400x.jpg?v=1610348660 400w, //cdn.shopify.com/s/files/1/0439/7282/1152/products/Blue_ee20473b-1497-4780-bbb7-b3f6cb57963b_500x.jpg?v=1610348660 500w, //cdn.shopify.com/s/files/1/0439/7282/1152/products/Blue_ee20473b-1497-4780-bbb7-b3f6cb57963b_600x.jpg?v=1610348660 600w, //cdn.shopify.com/s/files/1/0439/7282/1152/products/Blue_ee20473b-1497-4780-bbb7-b3f6cb57963b_700x.jpg?v=1610348660 700w, //cdn.shopify.com/s/files/1/0439/7282/1152/products/Blue_ee20473b-1497-4780-bbb7-b3f6cb57963b_800x.jpg?v=1610348660 800w, //cdn.shopify.com/s/files/1/0439/7282/1152/products/Blue_ee20473b-1497-4780-bbb7-b3f6cb57963b_900x.jpg?v=1610348660 900w, //cdn.shopify.com/s/files/1/0439/7282/1152/products/Blue_ee20473b-1497-4780-bbb7-b3f6cb57963b_1000x.jpg?v=1610348660 1000w, //cdn.shopify.com/s/files/1/0439/7282/1152/products/Blue_ee20473b-1497-4780-bbb7-b3f6cb57963b_1100x.jpg?v=1610348660 1100w, //cdn.shopify.com/s/files/1/0439/7282/1152/products/Blue_ee20473b-1497-4780-bbb7-b3f6cb57963b_1200x.jpg?v=1610348660 1200w",Solid Sheet Set - 300 Thread Count,300SOLID-BLUE-TWIN,"Twin,Twin XL,Full,Queen,King,California King,White,Ivory,Sage,Blue,Gold,Taupe,Linen,Blush,Lilac,Chocolate,Navy,Burgundy,Black,Gray,Coral,Periwinkle,","Twin,Twin XL,Full,Queen,King,California King,White,Ivory,Sage,Blue,Gold,Taupe,Linen,Blush,Lilac,Chocolate,Navy,Burgundy,Black,Gray,Coral,Periwinkle,",$29 ,yes
Home->Sheet Sets,"//cdn.shopify.com/s/files/1/0439/7282/1152/products/T600-Tencel_sheet2__10027_2a127a9c-94ca-4b58-af19-1ec3a0950c32_400x.jpg?v=1597639315 400w, //cdn.shopify.com/s/files/1/0439/7282/1152/products/T600-Tencel_sheet2__10027_2a127a9c-94ca-4b58-af19-1ec3a0950c32_500x.jpg?v=1597639315 500w, //cdn.shopify.com/s/files/1/0439/7282/1152/products/T600-Tencel_sheet2__10027_2a127a9c-94ca-4b58-af19-1ec3a0950c32_600x.jpg?v=1597639315 600w, //cdn.shopify.com/s/files/1/0439/7282/1152/products/T600-Tencel_sheet2__10027_2a127a9c-94ca-4b58-af19-1ec3a0950c32_700x.jpg?v=1597639315 700w, //cdn.shopify.com/s/files/1/0439/7282/1152/products/T600-Tencel_sheet2__10027_2a127a9c-94ca-4b58-af19-1ec3a0950c32_800x.jpg?v=1597639315 800w, //cdn.shopify.com/s/files/1/0439/7282/1152/products/T600-Tencel_sheet2__10027_2a127a9c-94ca-4b58-af19-1ec3a0950c32_900x.jpg?v=1597639315 900w, //cdn.shopify.com/s/files/1/0439/7282/1152/products/T600-Tencel_sheet2__10027_2a127a9c-94ca-4b58-af19-1ec3a0950c32_1000x.jpg?v=1597639315 1000w, //cdn.shopify.com/s/files/1/0439/7282/1152/products/T600-Tencel_sheet2__10027_2a127a9c-94ca-4b58-af19-1ec3a0950c32_1100x.jpg?v=1597639315 1100w, //cdn.shopify.com/s/files/1/0439/7282/1152/products/T600-Tencel_sheet2__10027_2a127a9c-94ca-4b58-af19-1ec3a0950c32_1200x.jpg?v=1597639315 1200w",Luxurious Cooling Sheet Set - Eucalyptus 600 Tencel Lyocell,TENCEL600-TXL-TAUPE,"Twin XL,Full,Queen,King,California King,White,Ivory,Iris,Gray,Taupe,Sea,","Twin XL,Full,Queen,King,California King,White,Ivory,Iris,Gray,Taupe,Sea,",$70 ,yes
Home->Sheet Sets,"//cdn.shopify.com/s/files/1/0439/7282/1152/products/23294_source_1576574573_a6409837-c7f4-4375-8d53-ca85ed3c2e59_400x.jpg?v=1597642771 400w, //cdn.shopify.com/s/files/1/0439/7282/1152/products/23294_source_1576574573_a6409837-c7f4-4375-8d53-ca85ed3c2e59_500x.jpg?v=1597642771 500w, //cdn.shopify.com/s/files/1/0439/7282/1152/products/23294_source_1576574573_a6409837-c7f4-4375-8d53-ca85ed3c2e59_600x.jpg?v=1597642771 600w, //cdn.shopify.com/s/files/1/0439/7282/1152/products/23294_source_1576574573_a6409837-c7f4-4375-8d53-ca85ed3c2e59_700x.jpg?v=1597642771 700w, //cdn.shopify.com/s/files/1/0439/7282/1152/products/23294_source_1576574573_a6409837-c7f4-4375-8d53-ca85ed3c2e59_800x.jpg?v=1597642771 800w, //cdn.shopify.com/s/files/1/0439/7282/1152/products/23294_source_1576574573_a6409837-c7f4-4375-8d53-ca85ed3c2e59_900x.jpg?v=1597642771 900w, //cdn.shopify.com/s/files/1/0439/7282/1152/products/23294_source_1576574573_a6409837-c7f4-4375-8d53-ca85ed3c2e59_1000x.jpg?v=1597642771 1000w, //cdn.shopify.com/s/files/1/0439/7282/1152/products/23294_source_1576574573_a6409837-c7f4-4375-8d53-ca85ed3c2e59_1100x.jpg?v=1597642771 1100w, //cdn.shopify.com/s/files/1/0439/7282/1152/products/23294_source_1576574573_a6409837-c7f4-4375-8d53-ca85ed3c2e59_1200x.jpg?v=1597642771 1200w",Luxury & Heavy 1000 Thread Count Solid Sheet Set,1000SOLID-TXL-IVORY,"Twin XL,Full,Queen,King,California King,White,Ivory,Sage,Blue,Taupe,Linen,Gray,Sea,Gold,","Twin XL,Full,Queen,King,California King,White,Ivory,Sage,Blue,Taupe,Linen,Gray,Sea,Gold,",$84 ,yes
Home->Sheet Sets,"//cdn.shopify.com/s/files/1/0439/7282/1152/products/T650_solid_sheet__33534_a4a06272-8acb-4145-989e-b7834df3bd03_400x.jpg?v=1604323443 400w, //cdn.shopify.com/s/files/1/0439/7282/1152/products/T650_solid_sheet__33534_a4a06272-8acb-4145-989e-b7834df3bd03_500x.jpg?v=1604323443 500w, //cdn.shopify.com/s/files/1/0439/7282/1152/products/T650_solid_sheet__33534_a4a06272-8acb-4145-989e-b7834df3bd03_600x.jpg?v=1604323443 600w, //cdn.shopify.com/s/files/1/0439/7282/1152/products/T650_solid_sheet__33534_a4a06272-8acb-4145-989e-b7834df3bd03_700x.jpg?v=1604323443 700w, //cdn.shopify.com/s/files/1/0439/7282/1152/products/T650_solid_sheet__33534_a4a06272-8acb-4145-989e-b7834df3bd03_800x.jpg?v=1604323443 800w, //cdn.shopify.com/s/files/1/0439/7282/1152/products/T650_solid_sheet__33534_a4a06272-8acb-4145-989e-b7834df3bd03_900x.jpg?v=1604323443 900w, //cdn.shopify.com/s/files/1/0439/7282/1152/products/T650_solid_sheet__33534_a4a06272-8acb-4145-989e-b7834df3bd03_1000x.jpg?v=1604323443 1000w, //cdn.shopify.com/s/files/1/0439/7282/1152/products/T650_solid_sheet__33534_a4a06272-8acb-4145-989e-b7834df3bd03_1100x.jpg?v=1604323443 1100w, //cdn.shopify.com/s/files/1/0439/7282/1152/products/T650_solid_sheet__33534_a4a06272-8acb-4145-989e-b7834df3bd03_1200x.jpg?v=1604323443 1200w",Easy Care Sheet Set - Solid 650 Thread Count,SL650-IVORY-TWIN,"Twin,Twin XL,Full,Queen,King,California King,White,Ivory,Gray,Linen,Taupe,Sage,Gold,Blue,","Twin,Twin XL,Full,Queen,King,California King,White,Ivory,Gray,Linen,Taupe,Sage,Gold,Blue,",$43 ,yes
Home->Sheet Sets,"//cdn.shopify.com/s/files/1/0439/7282/1152/products/White-main-picture__58271_be410991-be60-420d-a4d9-6da5d8d79641_400x.jpg?v=1604323788 400w, //cdn.shopify.com/s/files/1/0439/7282/1152/products/White-main-picture__58271_be410991-be60-420d-a4d9-6da5d8d79641_500x.jpg?v=1604323788 500w, //cdn.shopify.com/s/files/1/0439/7282/1152/products/White-main-picture__58271_be410991-be60-420d-a4d9-6da5d8d79641_600x.jpg?v=1604323788 600w, //cdn.shopify.com/s/files/1/0439/7282/1152/products/White-main-picture__58271_be410991-be60-420d-a4d9-6da5d8d79641_700x.jpg?v=1604323788 700w, //cdn.shopify.com/s/files/1/0439/7282/1152/products/White-main-picture__58271_be410991-be60-420d-a4d9-6da5d8d79641_800x.jpg?v=1604323788 800w, //cdn.shopify.com/s/files/1/0439/7282/1152/products/White-main-picture__58271_be410991-be60-420d-a4d9-6da5d8d79641_900x.jpg?v=1604323788 900w, //cdn.shopify.com/s/files/1/0439/7282/1152/products/White-main-picture__58271_be410991-be60-420d-a4d9-6da5d8d79641_1000x.jpg?v=1604323788 1000w, //cdn.shopify.com/s/files/1/0439/7282/1152/products/White-main-picture__58271_be410991-be60-420d-a4d9-6da5d8d79641_1100x.jpg?v=1604323788 1100w, //cdn.shopify.com/s/files/1/0439/7282/1152/products/White-main-picture__58271_be410991-be60-420d-a4d9-6da5d8d79641_1200x.jpg?v=1604323788 1200w",Easy Care Sheet Set - Striped 650 Thread Count,650STRIPE-WHITE-TXL,"Twin XL,Full,Queen,King,Califronia King,White,Ivory,Linen,Taupe,Sage,Blue,Gray,Gold,","Twin XL,Full,Queen,King,Califronia King,White,Ivory,Linen,Taupe,Sage,Blue,Gray,Gold,",$43 ,yes
Home->Sheet Sets,"//cdn.shopify.com/s/files/1/0439/7282/1152/products/100Cotton-Percale-Sheet-Sets__69675_779ca2b0-9277-4c52-9024-1d4ba1a090bb_400x.jpg?v=1607337257 400w, //cdn.shopify.com/s/files/1/0439/7282/1152/products/100Cotton-Percale-Sheet-Sets__69675_779ca2b0-9277-4c52-9024-1d4ba1a090bb_500x.jpg?v=1607337257 500w, //cdn.shopify.com/s/files/1/0439/7282/1152/products/100Cotton-Percale-Sheet-Sets__69675_779ca2b0-9277-4c52-9024-1d4ba1a090bb_600x.jpg?v=1607337257 600w, //cdn.shopify.com/s/files/1/0439/7282/1152/products/100Cotton-Percale-Sheet-Sets__69675_779ca2b0-9277-4c52-9024-1d4ba1a090bb_700x.jpg?v=1607337257 700w, //cdn.shopify.com/s/files/1/0439/7282/1152/products/100Cotton-Percale-Sheet-Sets__69675_779ca2b0-9277-4c52-9024-1d4ba1a090bb_800x.jpg?v=1607337257 800w, //cdn.shopify.com/s/files/1/0439/7282/1152/products/100Cotton-Percale-Sheet-Sets__69675_779ca2b0-9277-4c52-9024-1d4ba1a090bb_900x.jpg?v=1607337257 900w, //cdn.shopify.com/s/files/1/0439/7282/1152/products/100Cotton-Percale-Sheet-Sets__69675_779ca2b0-9277-4c52-9024-1d4ba1a090bb_1000x.jpg?v=1607337257 1000w",Percale Sheet Set - 250 Thread Count,PERCALE-IVORY-FULL,"Twin XL,Full,Queen,King,California King,White,Ivory,Tan,Sage,Blue,Lilac,","Twin XL,Full,Queen,King,California King,White,Ivory,Tan,Sage,Blue,Lilac,",$35 ,yes
Home->Sheet Sets,"//cdn.shopify.com/s/files/1/0439/7282/1152/products/Meridian_Sheets2__04974_ea989dc4-d6bc-41ce-b01f-e26625642f71_400x.jpg?v=1607337634 400w, //cdn.shopify.com/s/files/1/0439/7282/1152/products/Meridian_Sheets2__04974_ea989dc4-d6bc-41ce-b01f-e26625642f71_500x.jpg?v=1607337634 500w, //cdn.shopify.com/s/files/1/0439/7282/1152/products/Meridian_Sheets2__04974_ea989dc4-d6bc-41ce-b01f-e26625642f71_600x.jpg?v=1607337634 600w, //cdn.shopify.com/s/files/1/0439/7282/1152/products/Meridian_Sheets2__04974_ea989dc4-d6bc-41ce-b01f-e26625642f71_700x.jpg?v=1607337634 700w, //cdn.shopify.com/s/files/1/0439/7282/1152/products/Meridian_Sheets2__04974_ea989dc4-d6bc-41ce-b01f-e26625642f71_800x.jpg?v=1607337634 800w, //cdn.shopify.com/s/files/1/0439/7282/1152/products/Meridian_Sheets2__04974_ea989dc4-d6bc-41ce-b01f-e26625642f71_900x.jpg?v=1607337634 900w, //cdn.shopify.com/s/files/1/0439/7282/1152/products/Meridian_Sheets2__04974_ea989dc4-d6bc-41ce-b01f-e26625642f71_1000x.jpg?v=1607337634 1000w, //cdn.shopify.com/s/files/1/0439/7282/1152/products/Meridian_Sheets2__04974_ea989dc4-d6bc-41ce-b01f-e26625642f71_1100x.jpg?v=1607337634 1100w, //cdn.shopify.com/s/files/1/0439/7282/1152/products/Meridian_Sheets2__04974_ea989dc4-d6bc-41ce-b01f-e26625642f71_1200x.jpg?v=1607337634 1200w",Meridian Percale Sheet Set,MERIDIAN-SHEETS-FULL-GRAY,"Twin XL,Full,Queen,King,California King,Navy & White,Gray & White,Blue & White,Coral & White,Periwinkle & White,White & Navy,","Twin XL,Full,Queen,King,California King,Navy & White,Gray & White,Blue & White,Coral & White,Periwinkle & White,White & Navy,",$33 ,yes
Home->Sheet Sets,"//cdn.shopify.com/s/files/1/0439/7282/1152/products/Blossom_Sheet_Set_caa460e8-fb38-48d5-be51-eb2dbea31ef4_400x.jpg?v=1597644143 400w, //cdn.shopify.com/s/files/1/0439/7282/1152/products/Blossom_Sheet_Set_caa460e8-fb38-48d5-be51-eb2dbea31ef4_500x.jpg?v=1597644143 500w, //cdn.shopify.com/s/files/1/0439/7282/1152/products/Blossom_Sheet_Set_caa460e8-fb38-48d5-be51-eb2dbea31ef4_600x.jpg?v=1597644143 600w, //cdn.shopify.com/s/files/1/0439/7282/1152/products/Blossom_Sheet_Set_caa460e8-fb38-48d5-be51-eb2dbea31ef4_700x.jpg?v=1597644143 700w, //cdn.shopify.com/s/files/1/0439/7282/1152/products/Blossom_Sheet_Set_caa460e8-fb38-48d5-be51-eb2dbea31ef4_800x.jpg?v=1597644143 800w, //cdn.shopify.com/s/files/1/0439/7282/1152/products/Blossom_Sheet_Set_caa460e8-fb38-48d5-be51-eb2dbea31ef4_900x.jpg?v=1597644143 900w, //cdn.shopify.com/s/files/1/0439/7282/1152/products/Blossom_Sheet_Set_caa460e8-fb38-48d5-be51-eb2dbea31ef4_1000x.jpg?v=1597644143 1000w, //cdn.shopify.com/s/files/1/0439/7282/1152/products/Blossom_Sheet_Set_caa460e8-fb38-48d5-be51-eb2dbea31ef4_1100x.jpg?v=1597644143 1100w, //cdn.shopify.com/s/files/1/0439/7282/1152/products/Blossom_Sheet_Set_caa460e8-fb38-48d5-be51-eb2dbea31ef4_1200x.jpg?v=1597644143 1200w",Printed Sheet Set - 300 Thread Count,FERN-SHEET-KING,"Twin XL,Full,Queen,King,California King,Agnes,Bally,Blossom,Fern,Zahra,","Twin XL,Full,Queen,King,California King,Agnes,Bally,Blossom,Fern,Zahra,",$44 ,yes
Home->Sheet Sets,"//cdn.shopify.com/s/files/1/0439/7282/1152/products/img_proxy_30b08ee6-c469-4601-98e4-41974be32d03_400x.jpg?v=1601418490 400w, //cdn.shopify.com/s/files/1/0439/7282/1152/products/img_proxy_30b08ee6-c469-4601-98e4-41974be32d03_500x.jpg?v=1601418490 500w, //cdn.shopify.com/s/files/1/0439/7282/1152/products/img_proxy_30b08ee6-c469-4601-98e4-41974be32d03_600x.jpg?v=1601418490 600w, //cdn.shopify.com/s/files/1/0439/7282/1152/products/img_proxy_30b08ee6-c469-4601-98e4-41974be32d03_700x.jpg?v=1601418490 700w, //cdn.shopify.com/s/files/1/0439/7282/1152/products/img_proxy_30b08ee6-c469-4601-98e4-41974be32d03_800x.jpg?v=1601418490 800w, //cdn.shopify.com/s/files/1/0439/7282/1152/products/img_proxy_30b08ee6-c469-4601-98e4-41974be32d03_900x.jpg?v=1601418490 900w, //cdn.shopify.com/s/files/1/0439/7282/1152/products/img_proxy_30b08ee6-c469-4601-98e4-41974be32d03_1000x.jpg?v=1601418490 1000w",Super soft Microfiber Sheet Sets Wrinkle Free,MICROSHEETSOLID-TWIN-BLACK,"Twin,Twin XL,Full,Queen,King,California King,Lilac,Black,Sage,Burgundy,Tan(Beige),Navy,Blue,Chocolate,Ivory,White,","Twin,Twin XL,Full,Queen,King,California King,Lilac,Black,Sage,Burgundy,Tan(Beige),Navy,Blue,Chocolate,Ivory,White,",$21 ,yes
Home->Sheet Sets,//cdn.shopify.com/s/files/1/0439/7282/1152/products/img_proxy_8e249007-03c8-4b4a-af01-176c1a64fa36_315x.jpg?v=1601418481 315w,Sateen Stripe super soft 100% Microfiber Sheet sets,MICROSTRIPESHEET-TWIN-LILAC,"Twin,Full,Queen,King,Califronia King,Split King,White,Ivory,Sage,Blue,Gold,Taupe,Lilac,Burgundy,Black,","Twin,Full,Queen,King,Califronia King,Split King,White,Ivory,Sage,Blue,Gold,Taupe,Lilac,Burgundy,Black,",$18 ,yes
Home->Sheet Sets,"//cdn.shopify.com/s/files/1/0439/7282/1152/products/wrinkle-free-woven-swiss-dots-600-thread-count-sheets-set-sheet-sets_400x.jpg?v=1610753270 400w, //cdn.shopify.com/s/files/1/0439/7282/1152/products/wrinkle-free-woven-swiss-dots-600-thread-count-sheets-set-sheet-sets_500x.jpg?v=1610753270 500w, //cdn.shopify.com/s/files/1/0439/7282/1152/products/wrinkle-free-woven-swiss-dots-600-thread-count-sheets-set-sheet-sets_600x.jpg?v=1610753270 600w, //cdn.shopify.com/s/files/1/0439/7282/1152/products/wrinkle-free-woven-swiss-dots-600-thread-count-sheets-set-sheet-sets_700x.jpg?v=1610753270 700w, //cdn.shopify.com/s/files/1/0439/7282/1152/products/wrinkle-free-woven-swiss-dots-600-thread-count-sheets-set-sheet-sets_800x.jpg?v=1610753270 800w, //cdn.shopify.com/s/files/1/0439/7282/1152/products/wrinkle-free-woven-swiss-dots-600-thread-count-sheets-set-sheet-sets_900x.jpg?v=1610753270 900w, //cdn.shopify.com/s/files/1/0439/7282/1152/products/wrinkle-free-woven-swiss-dots-600-thread-count-sheets-set-sheet-sets_1000x.jpg?v=1610753270 1000w, //cdn.shopify.com/s/files/1/0439/7282/1152/products/wrinkle-free-woven-swiss-dots-600-thread-count-sheets-set-sheet-sets_1100x.jpg?v=1610753270 1100w, //cdn.shopify.com/s/files/1/0439/7282/1152/products/wrinkle-free-woven-swiss-dots-600-thread-count-sheets-set-sheet-sets_1200x.jpg?v=1610753270 1200w",Wrinkle-Free Woven Swiss Dots 600 Thread Count Sheets Set,DOT600-GRAY-CALKING,"Full,Queen,King,California King,Gray,White,Blue,Sage,Ivory,Taupe,","Full,Queen,King,California King,Gray,White,Blue,Sage,Ivory,Taupe,",$31 ,yes
